<xml xmlns:o="urn:schemas-microsoft-com:office:office">
 <o:MainFile HRef="../Energy%20Logger%20Viewer%20-%20User%20Manual_ENG.htm"/>
 <o:File HRef="themedata.thmx"/>
 <o:File HRef="colorschememapping.xml"/>
 <o:File HRef="image001.jpg"/>
 <o:File HRef="image002.jpg"/>
 <o:File HRef="image003.jpg"/>
 <o:File HRef="image004.jpg"/>
 <o:File HRef="image005.jpg"/>
 <o:File HRef="image006.jpg"/>
 <o:File HRef="image007.jpg"/>
 <o:File HRef="image008.jpg"/>
 <o:File HRef="image009.jpg"/>
 <o:File HRef="image010.jpg"/>
 <o:File HRef="image011.jpg"/>
 <o:File HRef="image012.jpg"/>
 <o:File HRef="image013.jpg"/>
 <o:File HRef="image014.jpg"/>
 <o:File HRef="image015.jpg"/>
 <o:File HRef="image016.jpg"/>
 <o:File HRef="image017.jpg"/>
 <o:File HRef="image018.jpg"/>
 <o:File HRef="image019.jpg"/>
 <o:File HRef="image020.png"/>
 <o:File HRef="image021.jpg"/>
 <o:File HRef="image022.png"/>
 <o:File HRef="image023.jpg"/>
 <o:File HRef="image024.png"/>
 <o:File HRef="image025.jpg"/>
 <o:File HRef="image026.png"/>
 <o:File HRef="image027.jpg"/>
 <o:File HRef="image028.png"/>
 <o:File HRef="image029.jpg"/>
 <o:File HRef="header.htm"/>
 <o:File HRef="filelist.xml"/>
</xml>